{"D/latent_real": 0.3957049250602722, "D/latent_fake": 0.0030253734439611435, "D/latent_reg": 0.007857732474803925, "D/ref_real": 0.030126672238111496, "D/ref_fake": 0.9664978384971619, "D/ref_reg": 0.007926568388938904, "G/latent_adv": 18.967147827148438, "G/latent_sty": 0.9278227090835571, "G/latent_ds": 0.6247420907020569, "G/latent_cyc": 0.5750783085823059, "G/ref_adv": 12.413516998291016, "G/ref_sty": 0.23098920285701752, "G/ref_ds": 0.33134034276008606, "G/ref_cyc": 0.5893210768699646, "G/lambda_ds": 0.9997000000000014, "_runtime": 9151, "_timestamp": 1630472286, "_step": 2, "_wandb": {"runtime": 9153}}