{"D/latent_real": 0.009179875254631042, "D/latent_fake": 0.03557658940553665, "D/latent_reg": 0.002511639380827546, "D/ref_real": 0.008705010637640953, "D/ref_fake": 0.00013981359370518476, "D/ref_reg": 0.002260187640786171, "G/latent_adv": 10.742510795593262, "G/latent_sty": 0.8627073764801025, "G/latent_ds": 0.730190098285675, "G/latent_cyc": 0.68461674451828, "G/ref_adv": 9.997334480285645, "G/ref_sty": 0.561113178730011, "G/ref_ds": 0.516141414642334, "G/ref_cyc": 0.6763861179351807, "G/lambda_ds": 0.9999000000000005, "_runtime": 2386, "_timestamp": 1630462117, "_step": 0}